version	name	statements_md5	statement_count	executable_md5
20260417083826	001_users_cases_intake	57a931d26db4cedee5aa41aa8eb96175	1	57a931d26db4cedee5aa41aa8eb96175
20260417083846	002_programs_resources	73623f3553fb4c11d50e2b2ffd541b0c	1	73623f3553fb4c11d50e2b2ffd541b0c
20260417083903	003_knowledge_backbone	6ed0e6a62c110eae59357d0700353472	1	6ed0e6a62c110eae59357d0700353472
20260417083926	004_evidence_patterns_actions	8d71ceb6b598cefae1a0c28397c5197b	1	8d71ceb6b598cefae1a0c28397c5197b
20260417083939	005_governance_audit	21016c6851361931d843d40d9c393f65	1	21016c6851361931d843d40d9c393f65
20260417090011	006_cda_engine	74cfb7d05b5685587dec4694171c20d1	1	74cfb7d05b5685587dec4694171c20d1
20260417091133	007_knowledge_backbone_vector	b6307faa405615d9eab6585a677c35bd	1	b6307faa405615d9eab6585a677c35bd
20260417092932	008_seed_wa_programs	ae377576377783285d4b01a8eb438a4f	1	ae377576377783285d4b01a8eb438a4f
20260417093013	009_seed_wa_tribes	68fdb83128274159f1d569c8110ebd80	1	68fdb83128274159f1d569c8110ebd80
20260417094018	010_seed_state_programs_al_tn_sc	3499110258d063ba090793541e5bb598	1	3499110258d063ba090793541e5bb598
20260417094109	011_seed_state_programs_nc_md_ar	7affbb57d0492ccbb08f3121f004aa93	1	7affbb57d0492ccbb08f3121f004aa93
20260417094201	012_seed_state_programs_ms_la_ct	5fa6b2236b0e8448bb5f76b0ec641e9c	1	5fa6b2236b0e8448bb5f76b0ec641e9c
20260417094226	013_seed_tribal_nations_10_states	0142a931cffb9ba2d7cd01eda16b3b88	1	0142a931cffb9ba2d7cd01eda16b3b88
20260417094335	014_engine_registry_schema	4dd7dc2519d7e433de2e373a01d9f1ed	1	4dd7dc2519d7e433de2e373a01d9f1ed
20260417094533	015_seed_engine_registry	da8099bad793211f86eb86c2d293e930	1	da8099bad793211f86eb86c2d293e930
20260417094606	016_seed_drift_warnings	b19ff154c838830d07a2ecb25ee39710	1	b19ff154c838830d07a2ecb25ee39710
20260417094753	017_engine_registry_v3_corrected	d00e36b25cedc7f42e591df6380cb505	1	d00e36b25cedc7f42e591df6380cb505
20260417094920	018_seed_engine_registry_v3	ae0364682244d02fffaa38660e0152ca	1	ae0364682244d02fffaa38660e0152ca
20260417095009	019_seed_warnings_and_schema_tables	77cb8a1a7b9b67f3d18c480139e8cf59	1	77cb8a1a7b9b67f3d18c480139e8cf59
20260417095107	020_advocacy_policy_layer_schema	44cf3abefa02173fc6feffa3c708edec	1	44cf3abefa02173fc6feffa3c708edec
20260417095131	021_seed_policy_domains_and_nodes	cee3373ef84493eb74748c0163296382	1	cee3373ef84493eb74748c0163296382
20260417095228	022_seed_advocacy_orgs	84f68f8dba1bd0f3b7cf150e8753f44c	1	84f68f8dba1bd0f3b7cf150e8753f44c
20260417095403	023_seed_legislators_agencies_coalitions	5e930f75188026ecbe64dede9820ebcf	1	5e930f75188026ecbe64dede9820ebcf
20260417095422	024_seed_unified_output_layer_source	a2647c2bbbb33a8fb794c59f44b3f8d7	1	a2647c2bbbb33a8fb794c59f44b3f8d7
20260417095635	025_manus_platform_state_and_forms	d8a81f5a6a93f598f02739fcf99b4b61	1	d8a81f5a6a93f598f02739fcf99b4b61
20260417095732	026_seed_manus_state_streams_forms	ea001059afc0a550ad9bba9345da57db	1	ea001059afc0a550ad9bba9345da57db
20260417095816	027_seed_knowledge_docs_and_sunam_protocol	19f15dfbf547b9758290dcefe6994b92	1	19f15dfbf547b9758290dcefe6994b92
20260417100348	028_remedy_and_settlement_schema	a8734ceee219a9d37e153c4505b68a9a	1	a8734ceee219a9d37e153c4505b68a9a
20260417100411	029_seed_damages_matrix_and_settlement_formulas	a2bf115a65a0d35c8b061fa4db324e19	1	a2bf115a65a0d35c8b061fa4db324e19
20260417100439	030_store_artifact3_full_source	408f144fd641e31e17c8103285823b5e	1	408f144fd641e31e17c8103285823b5e
20260417100526	031_seed_remedy_template_and_workflows	f7aa82f202f13d71b31bca1e1ca92e31	1	f7aa82f202f13d71b31bca1e1ca92e31
20260417100918	032_engine_inventory_full_107_and_schema_366	69b9d83fba8ae9477554ba20987e85f0	1	69b9d83fba8ae9477554ba20987e85f0
20260417101305	032_upgrade_schema_registry_and_load	76e0a20565c94a00d5ead3f996510913	1	76e0a20565c94a00d5ead3f996510913
20260417145429	033_knowledge_base_claim_elements	205e08921331057485c4344b68d58b55	1	205e08921331057485c4344b68d58b55
20260417145620	034_seed_claim_elements_and_statutes	0c0efb4fba25ecb81907d9f03edd5886	1	0c0efb4fba25ecb81907d9f03edd5886
20260417145744	035_seed_filing_templates_and_coalition	32ff2bbd0a75375d84a538966b8c2df8	1	32ff2bbd0a75375d84a538966b8c2df8
20260417145854	036_store_new_engine_sources_and_ui	0afd7d749b7e799bf3f417cf4ade6d14	1	0afd7d749b7e799bf3f417cf4ade6d14
20260417150356	037_problem_framework_tables	d6028ee179695fcea50dd6b6a1a46926	1	d6028ee179695fcea50dd6b6a1a46926
20260417150453	038_skill_md_canonical_architecture	f62c97c8abba034c310558579ce1d73b	1	f62c97c8abba034c310558579ce1d73b
20260417150605	039_seed_foundation_engines_and_gaps	faba75af01fa802668b7c5d05809e591	1	faba75af01fa802668b7c5d05809e591
20260417151220	040_store_new_knowledge_and_audit_docs	b7975fc7375aad8eec3ac96ae1a9bef2	1	b7975fc7375aad8eec3ac96ae1a9bef2
20260417151244	041_update_gaps_log_with_new_findings	c25322e85a844ba906d52557be784d89	1	c25322e85a844ba906d52557be784d89
20260417181226	042_store_research_prompts	3072eb21666312c375521e9004ee8560	1	3072eb21666312c375521e9004ee8560
20260417182138	043_store_canonical_skill_md	573f38b5ed959ba55b2fc7562d292291	1	573f38b5ed959ba55b2fc7562d292291
20260417182608	044_store_real_skill_md	446348be279838dfddbb1d573a966b09	1	446348be279838dfddbb1d573a966b09
20260417190500	045_fix_legislator_party_known	51ab481da8bbbe886be001c55e38e6f1	1	51ab481da8bbbe886be001c55e38e6f1
20260417191532	046_store_inventory_prompt_and_update_thread_prompts	6bf612e55a4b9f5430d531d8c3df7d13	1	6bf612e55a4b9f5430d531d8c3df7d13
20260417200614	047_provenance_wrapper_schema	de099433037848d022930ff3a1030a3a	1	de099433037848d022930ff3a1030a3a
20260417200705	048_provenance_backfill_existing_data	e66fcfed7195fa5b9d41b8dade5eef7e	1	e66fcfed7195fa5b9d41b8dade5eef7e
20260417201829	049_expand_resource_type_constraint	8c653bb9ad15537959dd16ec6b779620	1	8c653bb9ad15537959dd16ec6b779620
20260417202027	050_wa_resources_93_programs	c0602cda46304330ec408b1fba202d5b	1	c0602cda46304330ec408b1fba202d5b
20260418205605	052_store_deployment_planning_docs	706eaf65be2ee677c9d7a838aaceacbe	1	706eaf65be2ee677c9d7a838aaceacbe
20260501000000	provenance_schema	fb2b52ff7c934cf55dc6a7e50b60050c	1	f9fe8ed45a63975ce5bf48f764299b57
20260501202136	provenance_api_pull_sidecar	030f4217f42386db2f74de5a643e52f5	1	d6748d0919ff34dc2297103b66fb5efd
20260501203516	harden_api_pull_sidecar_rls	016c9f10f9a4d00600f03e92ac55ed18	1	016c9f10f9a4d00600f03e92ac55ed18
20260505074841	patch_create_atlas_signal_chain_use_md5_snapshot_hash	57674c4b6da3a44717990841e7b13783	1	e1c86df6846eb771f43e37c2122b8fc8
20260506171649	metadata_registry_form_signal_and_cda_v2	df4c7019d2da16e127b8d5c94eaa268a	1	df4c7019d2da16e127b8d5c94eaa268a
20260509001402	phase1_rls_hardening_lighthouse_retry	bb3b4546c4257014a49a8cef5dea77e0	1	41308aa89813f265f2dbf714a8345ab0
20260511000000	operational_core_health_views	8fa91b0e67808bc730e886510a670ae0	1	424a5effb173cf42aa3951a54faf2465
20260511000001	operational_core_namespace_activation	7c798ebd2bacf84032ace3a62f97bd0b	4	0fb59df5520a4e6eb132debf9ffd4865
20260511000002	operational_core_runtime_views	ac4a6123ee17f9c0c9ba14652a7037b1	1	602778e30ac49ea460da06fc5e26a250
20260512111921	fix_runtime_schema_drift_and_missing_policy_table	7385ca7d6eec291ebade68c6ea96965c	1	2e20608d3badc904bb659bae60a8619c
20260513200122	add_analysis_snapshots_table	208fa12f15726822e8df0ea2f23179b0	1	b384fe91ec86f2338d6d23055fee7805
20260513200136	add_assertion_atoms_compatibility_view	cf445df3da67240166927ad737f9ea75	1	2b2863c904baccd6dd73a83beeda41e5
20260513200250	fix_governing_authorities_compatibility_view	b35feafe3cc54edfe240be1fc1a34570	1	28d8a5b1deaf2e50e05834e65f268040
20260515195125	canonical_spine_substrate_foundation_v2	2f98f809e8e36193cda26b9b1dc1a2cf	1	006e8ea0e19fe65fa0cee2a9605b6293
20260516060214	spine_runtime_views_foundation	725516a321398aa0a27bdef4c499fad5	1	725516a321398aa0a27bdef4c499fad5
20260516061043	spine_runtime_seed_foundation	5cbb3395d1bb61ea14a9295f706ab8c2	1	5dd2812de56f4e973667ac83414f3bbe
20260516061135	spine_runtime_signal_flow_seed	93e98073cdfcb8dcb692e82686163aa0	1	5b264488fbcac70c2367d53b83b34e32
20260516061915	spine_runtime_continuity_views	4a693ef25ada709a01e505424c1bf885	1	2115817d21eb5b6f79a97b882da0e91e
20260516062013	spine_runtime_event_streams	4ec2083f29e4de050ad5610be6f0de25	1	6c91a02ab6e624a7973ba923f62c0140
20260516062049	spine_runtime_flow_metrics	6caa57056306a3db4ff8e683e63a3ece	1	bb51d058713ac784526a5ae8b417d9dd
20260516062221	spine_runtime_topology_edges	5cf4e67806cf0468d7ad2c4a71b03cbe	1	99b0f2a1882cce5e3f89d4fd4100835a
20260516063117	legal_library_grounded_expansion_views_v4	6c7b42e71d68aa2d1025a5f0e3f2045f	1	582cdd0e3061fac7e74c501241ca654b
20260516064719	legal_library_runtime_pagination_views_v2	1cec5eb0917b2a80b8234ca46cc8d98c	1	d117eecb09916a52ce518787ee2d97d9
20260516071114	runtime_projection_contracts_stabilization	5846eca378a24056151f30997f6b4151	1	af700fbf4eab59ed2943e69637e41953
20260516072055	runtime_projection_expansion_phase_three	ac36f23bb5d4abd0818381782410676a	1	4148c1d6a95f2e4cedf45d8d53dae027
20260516095820	civic_map_runtime_v2_convergence	dd6c1b377719180ed6a225ac2a029388	1	1cdae8137a0358ec0cfe4406f0b7bf91
20260516115041	national_civicmap_runtime_activation	018823b4cfaebf922d1825fe0fc4c664	1	8f11b0fdf715d8149603e5e2ebb853dd
20260517000000	civicmap_v2_loader_note	679c2d84e503b412631de0039ba1eb18	1	8ecbb449245b07d2ffc02855e75d545d
20260517141106	unified_civic_infrastructure_projection_v1	4f06203bcd507e1fa0064f04bce72fcc	1	63bde7fd286f8fba236021e4d425573d
20260517141117	unified_civic_infrastructure_projection_v1	4f06203bcd507e1fa0064f04bce72fcc	1	63bde7fd286f8fba236021e4d425573d
20260525202830	registry_entity_staging_v1	d7ef01ab3383b81be6bf6d4b4b5975c4	1	665f6bc658795b733337d69dd1f9660d
20260525213816	add_promotion_ready_columns_and_tables	15ce51a86226dd2055f6a2ceb0b44bf9	1	15ce51a86226dd2055f6a2ceb0b44bf9
20260525224224	create_type_specific_staging_tables	28019a3ca2f451c7af2a4aa611d9676b	1	28019a3ca2f451c7af2a4aa611d9676b
20260525232050	create_granular_resource_tables_and_archive	30522a5138995d21c138fd1b261f83e9	1	30522a5138995d21c138fd1b261f83e9
20260525232233	create_immutable_raw_archive_and_granular_output_tables	6345172cd9f28376083c293e8ef13a0d	1	6345172cd9f28376083c293e8ef13a0d
20260526055157	luminari_extraction_governance_foundation	4a9bcc2bf9ed48f7f836fa2056930974	1	7086a8f1e0f84d7d993614cc160ada86
20260526055336	luminari_table_classification_pass_2	b766e0d9f2e82fda972cf59934a9351f	1	16ac3efe9a644d14cc882524d3a25cd6
20260526055607	luminari_resource_legal_canonical_targets	7542d445810e9db01a6a8d0c3033aa85	1	81192af78df95768c75178b0824ae7c6
20260526060031	luminari_dry_run_reports_and_fixture_sets_recovery	c7578475d86576e152c2a810f5551f63	1	46e2b08dc2f82d3b8188c420bf99b9a5
20260526060301	luminari_fixture_extraction_staging_corrected	c431722da47f53de89208e6f8c34edac	1	4fdb9d387587cbac7818594316582259
20260526061134	tighten_michigan_fixture_expectations	3702bc6574e5269f2c586a338d5cb5f9	1	f3636e1eaba7e232528f8bb90e57deee
20260526061651	tighten_wisconsin_fixture_expectations	78707273b6f5ad246717bd3feb302f73	1	721b364a02354b43dc5a6e32e3f6cec4
20260526062556	tighten_illinois_fixture_expectations	f5272363065cbcca2c1a05a61e59498e	1	63d62d1d1f4c7f8d1e9cf393157e4655
20260526063109	load_michigan_fixture_layer0_pass_1_corrected	4021175d65853a2c7f431f278f8c91f9	1	b5b71d2f9b6ad0bd09807cbcf002bace
20260526065133	register_regional_and_policy_fixture_sets	783e5c5d0eca6751ef8007cc514c2046	1	d06152ec91b70ce4cff77153a2896351
20260526065408	register_pnw_structured_tribal_pack_fixture	62db3a220bc44723fbb62cb118aa1b9d	1	e295017878fe1276f7bacbf0ec380e33
20260526071125	register_address_audit_fixture	27b8d46565beff9b0f84985d166aa602	1	a680770656bf030c39024eb7dcb1b9f2
20260526072604	register_courtlistener_ingest_adapter_fixture	1c7c239328772024923eaeecb51fbf3b	1	4c3333c5bb337f127891b2bb45518a2f
20260526074154	create_continuous_ingest_governance_tables	bd66fbdc34488195acdbeea8178e68af	1	bd66fbdc34488195acdbeea8178e68af
20260526121817	register_luminari_archive_bundle_fixtures	1f8ce931a46359f79808caa7a4546540	1	609d8b2d279c0effa5bf730547ac4bb1
20260526124302	register_tribal_law_pipeline_spec_fixture	0c5cbea776a9f8a32f335640c95c9a6e	1	5d5bc472000ed86cd8201e79036969b3
20260526125644	register_batch_002_wave8_civic_stack_seed	4bba68e40caa8dcca440475340828765	1	42f070cc86a7bad14baf87a3e46d0664
20260526210708	conveyor_v1_deadline_schema_rails	c634ef693ce496e0e0600af422f99a46	1	b242c915fc7ae81fcf326050310c65cf
20260529061843	enable_authenticated_rls_access	da5d9e923da7eaf498a1aca819a73429	1	da5d9e923da7eaf498a1aca819a73429
20260605224132	load_pass3_registry_batch_to_staging_20260605	77cdb2065b26a431be0749c23ff7950f	1	c7f6960595f4ffd7ade9fd2ee6f4540a
20260605225538	pass3_registry_raw_headers_20260605	bb2c5dfb1d8a795bebd7e31f3f381b04	1	96093ff32c99020a998eef1593ab2bf3
20260605231514	pass3_registry_raw_sections_tables_batch_20260605	965392792a2ab834715a6f4603818fde	1	de91905fc43a748fc3c2cbd2fc61c0d2
20260609093826	nationwide_jurisdiction_substrate	027608d156a30a1ca32910e77f1a338c	1	ff35ef40e3f24f4fb00811bc383bedad
20260609122541	fix_legislator_contacts_chamber_text_with_compat_view	5f4cdc18172b361ee9b014a11fae0b79	1	5369526ed94aab8c861c5fdc1b04af3d
20260612180131	add_corpus_import_queue_worker_controls	949104a9309a26cbf854ce7978bcb60a	1	d723868d95d1a706519af6d83f530c34
20260612180225	add_corpus_import_queue_worker_control	e03811e68f97a18b968f64fe87ef5d85	1	aa1b4cb27a420635891f57612f68ede5
20260613083723	auto_queue_state_enriched_storage_objects	913fff6d8d7bad06d796bef256e6e864	1	14a8f5a3294207bce2c43bf1ecd7d55d
20260613094359	harden_search_path_and_security_invoker_views	8d1f8c3bb885a751822246caca87dc01	1	cd3a4db8f485ed89448b7b0f70696cf2
20260613100249	create_canonical_contacts_backfill_registry_contacts	debaf61da86603b4687379bd8b16d801	1	79dffa526d371053d846c63ecaec3ded
20260614205300	admin_change_log_timestamp_acl_timestamptz	d6c8efc83412dd248111981a456f5728	1	d6c8efc83412dd248111981a456f5728
20260614213814	create_docket_bill_state_cache	10df3f29ce18fb2f12f24d343c0f532c	1	0cfb95116f0e3535df21c8b91f4a7e41
20260614213931	enable_rls_docket_bill_state_cache	8cc05186bea07d73bde998965913b6e3	1	2412c783ebf210f2034181e362082071
20260622063640	add_users_auth_lookup_indexes	0e942ff9bb45d9fd8fa2ef93677cf870	1	0e942ff9bb45d9fd8fa2ef93677cf870
20260705144336	execute_sql_substrate_handoff_v2	dfa02f335d06225215d8347a87ec846d	1	c27a5cc94d373344251606326114f7d7
20260713055919	register_systemic_abuse_intelligence_family	35d736f8677ddafed9ee1c163d9c9d99	1	35d736f8677ddafed9ee1c163d9c9d99
20260713074738	v3_13_reconciliation_control	c9aa556ea1becb1c79e7725131fe6168	1	d5af81f63d271a3a324060d60916ee0a
20260713075935	stage_disability_deep_dive_v3_13	b7e4f5d0923502094e82ff5c6d67b81f	1	93d64e25fb2e2e470a680682f9f47121
20260713081607	load_disability_statute_candidates_v3_13	79f9226ac2d037665a8178973d0331bf	1	e5c48ed0e648f38d6d4efb97806e2ef2
20260713081625	classify_disability_statute_candidates_v3_13	e042253d3d6c8b44c0c7cf2f7d5f68d4	1	5d96932d78726f839a8ef53e02536d7f
20260713082050	load_disability_resource_candidates_batch_1	137cc0a0926dc4faeb4cad5327069bd5	1	04b2e747b15ca418fc0543ae0e3f29d9
20260713083902	load_disability_resource_candidates_batch_2	906fe521a7d96b62639b53ca3ef00859	1	9578d11671fbc79a0d462708666751ad
20260713084033	load_disability_resource_candidates_batch_3	fcbd13635ce30ec2b3a63893cca72aa2	1	ea5e924c347b84161e128cea24d32bc3
20260713084401	load_disability_resource_candidates_batch_4	b929e93b40241e64061fbbf9c6c3bcd3	1	96fbc930003e989c14f685a848443c15
20260713084626	load_disability_resource_candidates_batch_5	cbb5ff602702f3c5981a12a23effb6f2	1	d41c84320ed57bb958fb8883066efb53
20260713091637	create_corpus_artifact_manifest	a838c0e501451cd337098fbcae953270	1	29773aa421839849859208c011d55c2b
20260713093123	reconcile_generated_sql_source_manifest	0f20c9f8735b5ae62c28a12b4be3f3eb	1	d45aedcec4a320b586bdc3b90182fdb2
20260713095140	record_direct_sql_parse_audit	b51f8cfe32ea8c7e623cb06ac824b654	1	e0e44706c8a09f06baee290610a76270
20260713102826	regenerate_exact_generated_sql_source_manifest	e162f5c36245e97487c0619e424c4062	1	f903fdbe4584abe30da67c7662bb4650
20260713105316	create_substrate_promotion_readiness	3a0b757e4c0863f28873e86436754b85	1	e7543ad961371324301f70fbd892a742
20260713172413	allow_state_directory_candidate_kind	e0b34d30a2cf1ffd79c80c7881c34a19	1	fabde8c1e97f2029e29a3f3dbec3c36d
20260713172504	recreate_disability_readiness_for_jurisdictions	aad281b8fbd58b1aaa9b64d8a11c78f1	1	11e12a00799df4a85aad7355ea40158b
20260714091011	promote_disability_national_resources	624396d2a9bdd51289ef08609bfb30e9	1	26f148a4a9c81f82f36ca40bcd55321d
20260717142221	enable_rls_on_substrate_and_corpus_manifest_tables	22ef1a65c659e2211563b86043846f12	1	22ef1a65c659e2211563b86043846f12
20260717142334	create_sais_resources_canonical_table	59a7fede45b82d845aaf2c9994d25206	1	59a7fede45b82d845aaf2c9994d25206
20260719014255	export_migration_ledger_for_reconciliation	a87e213f9f27bca68c2940d3314dc0e5	1	a87e213f9f27bca68c2940d3314dc0e5
20260719014434	temporary_export_missing_migration_ledger	c45662865e73a59481668b10508e486e	1	c45662865e73a59481668b10508e486e
20260719014817	temporary_missing_migration_ledger_export_table	2b363bd27542052234f354a6d2a57673	1	2b363bd27542052234f354a6d2a57673
20260719015021	temporary_missing_migration_ledger_export_view	b3630f40f5d4653d30ebe552dd4e7a4c	1	b3630f40f5d4653d30ebe552dd4e7a4c
20260719015141	temporary_open_missing_migration_export	bbfee2999d2ad2e61928a89aa6718363	1	bbfee2999d2ad2e61928a89aa6718363
20260719015253	temporary_missing_migration_ledger_json_export	b220b5156349b0e762d031449122cc6c	1	b220b5156349b0e762d031449122cc6c
20260719022906	remove_temporary_migration_ledger_exports	55d16885a13a8c19a40fd4f48c7ca733	1	55d16885a13a8c19a40fd4f48c7ca733
20260720191523	restore_docket_bill_detail_cache	2fdc4bd83e24a93578de3807f1036e1e	1	8984713759e42bf8c13f05b07644bedf
20260720220406	enable_rls_on_8_exposed_tables	35796287d402c5b78416a98d126d3e4c	1	35796287d402c5b78416a98d126d3e4c
20260722235055	civic_genome_node_foundation	60f1f63dc467d677bd891a2242c9de60	1	b681bb5660da3326de3b5ae382b2cc36
20260722235229	seed_initial_civic_genome_domains	eb06aded9a6986c4c2d3b4ca5612c0d5	1	16f5c3054352bc202ca9c736c0368408
20260724155642	civic_genome_operating_substrate	18741a0c15081398379dc760e7508120	1	572e65e6e7d86c2015a1715c303d93e2
20260724155704	rosetta_genome_assembly_activation	728ea75dd4aabc723046f49a3e44033d	1	3b2d9a19b843d67619d6c452fad4f6b0
20260725075541	omnidirectional_graph_hardening	65542fe21c6a6d4d0172921ff588e91b	1	65542fe21c6a6d4d0172921ff588e91b
20260725075558	restore_public_api_grants_after_omnidirectional_migration	35a5a491225af8aaaad8826243e93387	1	7b66ac3fd18f2bc4607953ded6dcc14b
20260725075638	omnidirectional_graph_runtime_functions	6a5645ba9126174d7516d03c3eee911c	1	5bbbf1efc593db2e177e2b7ff278ba43
20260727012911	civic_genome_momentum_producer_v1	79a78fa341a45acc49635b6a1f7a000a	1	030bc7833e8b6070f47d5b0e152e299a
20260727161445	admin_change_log_sequence_alignment	804efa3aa7f5c8b65e2d2eaaa9c2b3f1	1	08244d0724d226652070c853cb654132
20260727161504	governance_snapshots	87ef6417ab32498c0496e8b4622daa48	1	22e09f5379961f93140af6c82dbcb8e3
20260729022336	geocode_worker_cron_auth	551357d09585bc62520fa85f5043c511	1	a9cafda720efab7a233ad36ae8d7fcba
20260729110336	geocode_worker_request_timeout	3fda3f180634c3d6d26e2f53a6e74465	1	98f438f8bfd13a8e28ba81ea17deb2a6
20260729110955	geocode_worker_cron_verifier_vault_source	1fa513a90f95ff2502a8b43e008aa4cc	1	c68ad3850e996c41d193a36ac51fcd96
20260729111254	geocode_worker_cron_verifier_callable	c7048760b9cd00e2afaa7b370ce7ff25	1	db03dfbad3107186c3758f9dbeb7ed0b
20260729111826	secure_geocode_worker_queue_rpcs	9abfdccd3c63124bea16201e903839f2	1	43f46c5d9977088a6949510f505ad506
20260729112008	secure_geocode_worker_queue_rpcs_hash_literal	579ed086ff26d5dea65a8f0fac6d11c7	1	680f7f22838df183cc35c96802c38911
20260729112157	secure_geocode_worker_queue_rpcs_bigint_ids	f0e24c94e995f9a68949e07cc8d5a9ea	1	e31aa2cd35ddc434d040421039d5b520
20260729112406	debug_geocode_candidate_probe	a226c1ce0deaa7d3ae6a34929784dff3	1	01da015cd79e781d9937cb8eea39bca5
20260729112801	geocode_worker_postgrest_debug_rpc	802983558f2f8ed24d6ba6f701d6e3f7	1	0fa5dcd18b598a51189857030c66d065
20260729112815	geocode_worker_debug_role_rpc_receipt	0d4cff5fa5840110e68ddc1ae614a065	1	305b064d92084dbf4f38136234279fba
20260729112836	geocode_worker_debug_role_rpc_search_path	0f74aba2bc63d7a3edd932b06be9ddae	1	93fe2dc848d59740ae97c2683903ce4e
20260729112908	geocode_worker_debug_endpoint_guard	ccb5b4481bced39454dca6d845601d54	1	0642f7fde5adc5e6e9464d9434c1887b
20260729113012	invoke_geocode_debug_once	bc7b3888c57beb3b84c33632a2e2cca6	1	04aab52fd871b77afcf531bd83a9b58c
20260729113900	invoke_geocode_worker_once	c8ca29133615c94134326d247086917c	1	51b3b1730e3f9e787c44a067f2ac1db6
20260729114023	cleanup_geocode_worker_diagnostics	5699f068cbabd398b9521c252bf0652e	1	20b42172172653c95d188767cad4abc0
20260729150409	atlas_stream_registry_recovery	d7e84f72fb42b9f2a15565242870ea00	1	bd94b3a0774d22e2a540e7e636712a53
20260729150538	repair_usda_snap_atlas_upstream_provenance	cec0a3c2c5a9d35e5aa422603f3efc14	1	408fa1887f62c1b7ee3e875c99250881
20260729151238	atlas_bridge_vault_config	9c4d3115be43e9e82f434bb008d3777f	1	a28481138ca04d9b53469d7d7c6ceb09
20260729154229	ingest_runs_sequence_alignment	ccbb72abf7bb9f13e5ddec32b0a0dc7f	1	fd9433746f65607cbfac80bea392533d
20260729164300	v3_13_state_directory_reassembly	bcf34e91196a8d1f522c30acf99e243a	1	7f08daf718da07cdb6d831505f2d1871
20260729165154	v3_13_state_directory_resource_promotion	2dea6ed5724d544a25608fc6469e861b	1	08c14ad44e2473440c2cd4fc3abf0748
20260729165403	v3_13_state_directory_resource_category_correction	4168565feb0a36887518044fa3971c92	1	5ab0228ed247cea3ada7e7608a5815cf
20260729165812	v3_13_state_directory_security_hardening	e69817c903029d332ce1501951472e5c	1	57939d610c17acddf012490c79b80a3d
20260729165906	v3_13_state_directory_fk_indexes	b3be9fb304c7d2e3cb3af98011d95474	1	112295802e6703e34cb39ae561f07285
20260729171045	v3_13_state_directory_oversight_promotion_schema	3ea067deb698784e71052947d97377c3	1	8cdbabd4429138d0ba4d55a797d5c49e
20260729171205	v3_13_state_directory_legal_promotion_schema	d57fabf555ccea8669b41bd754ee048c	1	efb187d5f9cb9fedc7f25dc510f11fa1
20260729171421	v3_13_state_directory_workflow_promotion_schema	2df889203dd4a8090ecf3996a28e9844	1	14962ad8bafa5a0fd16fdc5dae80ce26
20260729171644	v3_13_state_directory_profile_portability_schema	96ae9888df759e239bc141cf99312f8c	1	d558a5d4672d46c385a67cfe4f9bf963
20260729172411	v3_13_state_directory_remaining_resource_schema	3758b6b055b86147394d1856cfae0e7c	1	540aec526b8b84241d7e1ebeed9d6157
20260730093431	repair_world_index_runtime_contract	eedd548085932ae92eaec72d6543c6c2	1	3ef912577363d92f6ade5b5eb58653ab
20260730134202	universal_intake_spine_foundation	7b7cedac8471435b59561a80856efa64	1	ce28702f5d9dacbf2ac2ef38988a1551
20260730135423	harden_universal_intake_spine_updated_at_function	a97b15ac53525a81db03d6d7da4f1056	1	be7d2483eeb07bc61e9cb8ca05d23064
20260730215234	v3_13_manual_location_recovery	cd4e6b789c6d23b8ae7e9248282528a1	1	a2fb55fe7cdf8010cb3376eeb908b885
20260731001606	v3_13_manual_location_reconciliation	8dd02007f118b4b10dbf83eb44861b07	1	8dd02007f118b4b10dbf83eb44861b07
20260731003903	v3_13_supplemental_manual_location_reconciliation	d512d2c8670121eebc71972de6684812	1	d512d2c8670121eebc71972de6684812
20260731005055	v3_13_publication_contact_resolutions	fe76430d43efe6491bc7a964c7689d5a	1	fe76430d43efe6491bc7a964c7689d5a
20260731012842	retire_legacy_civic_map_publication	9dd8cc9361ba1f56da1186946340c9da	1	9dd8cc9361ba1f56da1186946340c9da
20260731090946	civic_genome_operating_contract_security	910c3c0ecaf597841d09e71fa4a77a24	1	7a5fb9dcb72da43b81df38fc6f3237b2
20260731091036	civic_genome_fk_indexes	43bd3297c29a9a50d75c542f02f8e728	1	ead7cb13a60e29592120080e034b2696
20260731091821	civic_genome_family_reassignment_cascade	767995a2920eba6d85d89766afbcc6fc	1	ec80278c2baebd32c991344ed7e521f4
20260731092924	harden_core_civic_genome_table_acl	5d1aeee25da2a8e412e07b1374b5bec4	1	2d8a0407d984436fa31d3d4183168a1b
20260731170603	optimize_civic_map_current_location_projection	a16b8631bbcf51af9fdd214c0e53ca50	1	15d874b369e8e5907354b64efb05043a
20260731181428	lighthouse_prism_verification_bridge	aa89a1a72bf5c3a98413f6da8be66cac	1	f4f5b3e0b608ff11be9b3132f5ccbcc9
20260731183944	civic_genome_rosetta_receipt_columns	19329d9488bfa626ced118e1ac7df181	1	212d26c61489df13d02bf7e3e3ef4d97
20260731184205	runtime_mutation_function_acl_lockdown	29d27053b4d8ecac927dc0e600087294	1	29d27053b4d8ecac927dc0e600087294
20260731185401	signal_architecture_ground_truth	6cefce3c6a1af6ae49e02e47d2ae156a	1	6db629a6033cfc5daad173f6d682e5ec
20260731192928	atlas_observation_identity_projection	23af644914fe7d8529a47106ff1a1cdb	1	05cb6928d5984e556a888c15eb34122b
20260731193631	live_data_signal_registration_receipt	a3d5d0b890a5ac6f529782ffcec0620c	1	368e517f3f02c0ea640b353c777e0d88
20260731194411	notifications_runtime_contract	f4cc3ddca46eac83c0ef65aba9496376	1	f4cc3ddca46eac83c0ef65aba9496376
20260731194541	notifications_service_policy_cleanup	7c08f35477af6b816d9087734fc28609	1	7c08f35477af6b816d9087734fc28609
20260731195927	lighthouse_context_rpc_lockdown	2460b6b7ce5381d2dc778b9b89dfbc9d	1	2460b6b7ce5381d2dc778b9b89dfbc9d
20260801074427	math_engine_v21_correctness	78d0a3173e5ff79122d2e05a4c364107	1	e6b689e4710600f422fe7da645dfaf80
20260801075717	math_engine_v21_governance_constraints	19a82a402da00ec95db5023dd7448acc	1	4b50b7808b7b2d8bd8dcc39b1c9c2fdc
20260801075835	math_engine_v21_least_privilege	8884357ba110cf7f4d15519a436b76d1	1	5be2b2d0d4779b1b0b1c1314a1ddb93b
20260801112308	civic_genome_prism_rosetta_binding	5d4d742118fda89b4028b494766f1aa7	1	f51420ecbf98fe7d09a3dc1e28625160
20260801112354	civic_genome_prism_least_privilege	8076c1cdf8253b9bec3efa0bc1eb1635	1	8ec7f5d92349452ae9e195268a13e556
20260801165814	lighthouse_prism_table_least_privilege	dc0e84fd7f45ee1e2db16c4132481372	1	c5bfdd0331c89b274d6e465a194ba068
20260802162005	case_document_storage_bucket	70c0652f9234be237dc822880e55b298	1	6f0778da869b629b5e6f3f607a2593bb
20260803000100	reassert_civicmap_map_rpc_contracts	e9a1eda39d96771955506279cf8a5a12	6	06d8422c9aad21f80988c3e7684c2fce
20260803000200	civicmap_security_invoker_views	5192bfd669a1fa94859637ff8753a9cb	7	2b7e41281199d4a4072b36d0ad05ea68
20260804063920	prism_superseded_request_ledger	5e1dfc85a0fb4bb121ea4395ef2199b9	1	aab2e6de9bf1b2a351a781d4e03dd9f6
20260804064053	prism_rule_upgrade_supersession	bae47b1ac392eb8c6cc1b4e9cf55e908	1	d745cf3e5716e06ecd95aba0dc757ba0
20260804065409	prism_supersession_invariant_hardening	526db3a92d35200aa3d75acc925cbbb7	1	ce30ce95905046d8f7ae43a84c325ba1
20260804123525	civic_genome_prism_verification_queue	a7f93f09879750149fd0f730c62422b3	1	d9bfb5c8b966d8863933f3f74d40fc55
20260804133050	harden_universal_intake_receipt_chain	2eb821d50ffb2716441c4068b477cd33	1	2eb821d50ffb2716441c4068b477cd33
20260805163200	civic_genome_prism_deep_verification_v2	4e8154a95ded1a132a0282e54df0fe88	3	ae23448f75577d176f1ddf01272bc4e8
20260805164846	civic_genome_prism_deep_verification_v2	adf224a8cf1fe2de57b2877090aea85d	1	ae23448f75577d176f1ddf01272bc4e8
20260805194900	civic_genome_pgcrypto_digest_bridge	ed9f769f67de34a7c27d14e91e552a55	1	82eed93271970cd6536e0f0d47f8d584
20260805195000	civic_genome_rosetta_generation_binding	440188573ff844089702c64ca5d536f7	1	6f05d10c5220cb235cb7199e7fb1fd17
20260805201200	civic_genome_rosetta_activation_queue	da75cb837f1c71b624c09d6421c7226f	1	6915c5eb6b800e71f63c31d662894bbb
20260805210000	legislative_version_decomposition_spine	0b055159913ace8294a93fb659ddbd68	1	bde120fa51dadc128c71101765fe881c
20260805210050	legislative_version_lineage_binding_fix	3679d2cb4a62e34315aebc2a4f19aa42	1	e542246e77237762f7849e761f76b1b6
20260805210100	legislative_version_spine_auto_registration	dfaf9729d4069f69641842dfcbddc874	1	5681b76491efad0f82d7c07cc29b37fd
20260805210717	legislative_version_decomposition_spine	2970e2ebfb8afe4c8a33ad0645e92d60	1	e2599ee3b86eafe90f6ea7f46fd8ff70
20260805210739	legislative_version_spine_auto_registration	6701ffc1a3a7332595e7266fc4f4d840	1	ad5f5b18b62bf5446758117d6132309d
20260805210822	legislative_version_lineage_binding_fix	962d7a2fe15825344d2b52fd506ffedf	1	20ec71d3a94e66951c4c737a371f91eb
20260805215620	prism_rosetta_v21_version_state	2610c292dc1fd4b38396045c2a79c5af	1	f2f32962bfeceeb2c0888000dc443928
20260805231236	source_observed_legislative_reference_dates	22ddc1aa95d3fc453e53f68a87b4a0a9	1	10f4e33b1748514d050738fc0fd3c8dd
20260805232006	legislative_version_terminal_state_guard	2b88fb7dff0f6bdfd79e87be98919f0f	1	c6d70d8656ac46a0ac2c509f0c385f8b
20260805232630	lock_source_reference_date_receipts	6cdc7f23ff85c28b16e7bf86ac4fbfdc	1	1dd97bee6bf4b22e0a614a517d6b8c91
20260805233000	prism_rosetta_v21_version_state	f07903abc18d177c9f8ac8bd4722181e	1	12ea4d49db59508b9143c41d05fd7178
20260805234259	prism_rosetta_v22_generation	c47cffeecc7dcc1cc126f1241ae99f13	1	7e093eccb9e751f2ca83ae70d7c45954
20260805234500	source_observed_legislative_reference_dates	46df49ff6847a129610bdb04fd63fd72	8	6405df4432d1a900aec577fe37765bb7
20260805235000	legislative_version_terminal_state_guard	57809b612510d857c7b1ae3b91ce8c58	8	7710f1c1fab48573bfaf087d0e358eda
20260805235500	lock_source_reference_date_receipts	b419f58de42760c625971fedd7e3dfa5	5	b52ad0ef3c3edcb059452ef0d8c6253f
20260805241000	prism_rosetta_v22_generation	f2e58b2366ec955fd12f2c37787a91a8	6	2885e91c3ac548533c9e7bed536ed9ce
20260806035615	reconcile_lighthouse_workspace_contracts	f46830dd8df1c0241235e3bb5057680f	1	6356156a663087c010697da03ac57187
20260806042000	signal_architecture_pull_through_v1	a5e3bd37b09eefc748fb8ffd3b799fd8	1	d2eb8a3e8a3832c16a7d10045236784d
20260806043149	signal_architecture_pull_through_v1	dd8f64e6f8f038b17fab42a3ddcb8025	1	2fa013eac3531ed388455f30edc4824f
20260806043309	harden_universal_intake_receipt_v2	d976e9bb1b87fec9fefc54ec46ee4c43	1	d976e9bb1b87fec9fefc54ec46ee4c43
20260806051000	live_data_signal_transport_receipt_row	d7c7ff7c774a18ce36b7161bc0caac3b	7	27afae56296caa42af4d6328ed7be9be
20260806051259	live_data_signal_transport_receipt_row	5a296abc82d22d0325e68b36acca019d	1	d2fa88632f9e207148c89256944ae297
20260806052000	atlas_domain3_scoped_bridge_token	503572c28e23cf53a7717854207d3c21	16	6f89cbdcbdb5db7acd8dfaf4f9af9c86
20260806052332	atlas_domain3_scoped_bridge_token	f5c95e44c407e5b01f49ffecb69f3f22	1	31cf48258c9bbff2800030597a16be48
20260806055307	domain3_transport_cleanup	438a1b3c657b009094010ec6ef8432be	1	f3ef1616a315896c4e51d016748a538d
20260806060000	domain3_transport_cleanup	f2d9a5bbff2cf80119bd55edb3583843	7	0ea6944b3fef8df446b1c36f5defdc6e
20260806160000	prism_v22_late_binding_continuity	7d1f75c68cd007ebf0516b618e986bfc	8	1922180a94f04ac2015e50693bbc302e
20260806162510	prism_v22_late_binding_continuity	428f4919f3eb58e5902d458efea2ef7b	1	1922180a94f04ac2015e50693bbc302e
20260806182000	docket_jurisdiction_rosetta_activation	ae3d9dbd4dee84fd85080863292bdc80	43	380b28e3e7c28f8a3dae18157272537f
20260806183734	docket_jurisdiction_rosetta_activation	6401b9209cb8a63ff4fef075d0a58573	1	6401b9209cb8a63ff4fef075d0a58573
20260806184732	docket_activation_projection_chamber_continuity	bf19375d0e3c6b505ad3b6b1a5aaf225	1	bf19375d0e3c6b505ad3b6b1a5aaf225
20260806185000	docket_activation_projection_chamber_continuity	35fd8dc509e130aa965b3d072809ad85	9	ae59b89a5f3fc1de4b3b43890a53bf22
20260807053653	restore_case_identity_bridge_contract	4ce4c4624b6aac3068c6bb065eb96325	1	9d6c0611dd4c315e312275d9ce5ee95e
20260807055726	bind_cases_to_universal_intake_spine	7081914e4c630fda7d12fcf15a2d68a1	1	dfa758802140a1849d0f50b440326394
20260807125440	prism_version_late_binding_reconciliation	d91f0800fbc514383bc085627c7999fa	1	b89bf0b37e62840bf8640657f3d8672e
20260807154857	align_corpus_snapshots_identity_sequence	155c8819e96031935a35eea715d36b31	1	02576065940bbe10f6a3d4b954e30106
20260807155946	align_documents_identity_sequence	62bb2ad3a0c031c9517305e379c8dcb1	1	bc5c02a880cd1045b08291503c0b77ad
20260807161053	align_audit_trail_identity_sequence	4f3d1422666c7a52dd8a34e2765f226f	1	a932f8dbdaf8a17779ab2ed5886f906b
20260807175359	bind_case_uploads_to_intake_spine	11a78b3508f674065a3d5bf26d2bdb3f	1	446f3f64f11dd230411c46eefe41fc85
20260807204521	generic_intake_layer_execution_receipts_v2	7926b0d4e7c88d5ca5a4b6e9638bba81	1	44499920133f27fbaac1827b3b3b46d5
20260807205321	intake_layer_execution_cross_runtime_proof_v3	2f27816d3ec3703421d273535990a57a	1	ab84891fb2f688b123cc310f49011ea8
20260808200840	repair_provenance_batch_alert_runtime	6a98790078b5e3cff944ea8e29ded438	1	f2810b981b235666f3ae84d663ac4b8e
20260808231628	promote_live_upload_intake_authority	9cd7d9a272e46b7cee56f95cb60ee65c	1	9cd7d9a272e46b7cee56f95cb60ee65c
20260809051313	invalidate_intake_projection_on_document_delete	656c2daf1771db73b617f48139755792	1	656c2daf1771db73b617f48139755792
20260809052815	restrict_document_delete_intake_invalidation_to_active	b7ebd8264c4a08ace11b5b04dd9638da	1	b7ebd8264c4a08ace11b5b04dd9638da
20260809054837	fence_intake_spine_execution_leases	52b054065593e2843cadab63d3d02fa7	1	52b054065593e2843cadab63d3d02fa7
20260809125105	register_declared_intake_context	ccfe5f53e67fccfbcfff541b32b614d7	1	ccfe5f53e67fccfbcfff541b32b614d7
20260809135046	align_lighthouse_case_workflow_sequences	9744821048ef11306f45d3ef8203baf3	1	8f92db6cd2a5e0988d66d67bddf1929f
20260809153413	lock_sealed_intake_layer_runs	de1a29dd53d424fd4b3d877a4c18744b	10	0a5886dbf12b8b678156cc708bba4983
20260809154150	lock_sealed_intake_layer_runs	7ee89bb9e8aba0d83325eaf1b0482184	1	7ee89bb9e8aba0d83325eaf1b0482184
20260810073809	fix_registry_resources_unified_epoch_millis	42d11c78ba080a841e63e68616054e48	1	42d11c78ba080a841e63e68616054e48
20260810104207	sais_source_preserving_import_foundation	c32be58a327a0df30c697230e151256c	1	604b733409ca30f137be4b649729dd25
20260811125055	atlas_stream_runtime_projection	9b0f60716edf1409905d4c73f79dc328	1	26e2fc5755e9d270d3c65fe7a20e348f
20260811135000	atlas_stream_runtime_projection	effd0d914fa613793fd2264744c58447	6	b8cbe5bb4a3a79df2dc203535f451567
20260811161132	live_data_signal_semantic_currentness	c5b38d2d662922008779c79871728322	1	9d8db9adeb04e6995e2668f405d143f7
20260811204240	fresh_corpus_reconciliation_v1	da6ccf88ca1d2f5da045aac2a0d9989e	1	66f7405f2b5ae9a78586ed372c7bc104
20260811204938	fresh_corpus_rebuild_artifact_receipts_v1	c597b0ce8557556a3cc144154f222014	1	09ba539047a39e57a4cbaa1cc53f7ade
20260811212151	fresh_corpus_resource_quality_gate_v1	a17b3230d3f9417c9c883853e7d7153e	1	d835c04334cc3544fa262f718fe13ac4
20260811212450	fresh_corpus_resource_identity_rebuild_v1	a423383d5e8d4b995215b7aff1428307	1	dccebee5417ef720f218bbcd1d7229d8
20260811212518	fresh_corpus_resource_quality_hardening_view_v1	632a8aed1af2184d7e2d04b9e74e6d05	1	ec1fa329cd23bb1b100aeb6f9bfbcbe3
20260811214134	fresh_resource_snapshot_v1	6441ad5b69afd62f99373996c69bb5f8	1	48aa46a1b2f07b24e20f093f74d854ba
20260811215122	fresh_resource_semantic_quality_v1	91cebfa12e47c4c041c23a7bd416b314	1	0209e1d13673b18c07e6f2939dac20b6
20260811220007	fresh_resource_identity_normalization_v2	6f6f0f1cccb35d0957a78db7e5d9c420	1	021be1f6bae6153ede09d57fab206083
20260811220540	fresh_resource_identity_snapshot_v2_1	cf57f81c5dd65d125566e94a5f59806c	1	1490439adc56aba364e302eadba51249
20260811220854	fresh_resource_contact_quality_v3	bb7584613f265da041ffbebfb5c3aa96	1	68495f0a5478b693bc31bc40bb4e6484
20260811221235	fresh_resource_phone_key_and_field_projection_v4	54f57b611420b372a35e3f49737a48b5	1	9c303fb7b88b37168410a322c5f4e6db
20260812044452	fresh_corpus_atomic_record_substrate	8f4755dcc0e8f227babc78994074cff5	1	8f4755dcc0e8f227babc78994074cff5
20260812084726	live_data_signal_semantic_currentness_review_fixes	27937d4bd3d49d722542eaf739d3e1ec	1	ad3109bdd1aae4db08f243804dc3314a
20260815063127	lighthouse_prism_problem_handoff	67c4eab7e5cdde6b96b6553c566492bb	1	de0726ba28a26892bd91b28ee7361a6b
20260815071015	fresh_resource_address_projection_v2	e977b2ad366923fe0ae62ed60285b7ca	1	fbd90da3bf1e273d69fe268bd38cbff2
20260815071636	fresh_resource_source_address_preservation_v3	d07c82d2ad012d34bd0faca2a4a66489	1	993cb64472634dd7eb5f5909c939cdbd
20260815071755	governed_resource_publication_gate_v1	e3e4e5ee62c3f22e02e2d216b09be23e	1	9918860876f49c2ca2a74bebc2492cca
20260815072854	legislative_version_queue_state_monotonicity	0e5130f87e0aa0518e8748e382bc85fc	1	0e5130f87e0aa0518e8748e382bc85fc
20260815073018	resource_quality_candidate_projection_index	e80c6abfcfbac29e418b98090bb7b5a7	1	e80c6abfcfbac29e418b98090bb7b5a7
20260815073049	fresh_corpus_continuous_manifest_v2	7aeb664ac50df5317288c7f5c39a2eff	1	7aeb664ac50df5317288c7f5c39a2eff
20260815073800	fresh_resource_single_pass_address_snapshot_v4	dcba56bdb13bcc50e650d9afc87cd5df	1	dcba56bdb13bcc50e650d9afc87cd5df
20260815073854	legislative_version_queue_priority_monotonicity	d5a1232e471c1f669453b525d7c6472c	1	d5a1232e471c1f669453b525d7c6472c
20260815074155	deprecate_multipass_address_snapshot_builders	b9e15019996116b75dcd44cbb00d719a	1	b9e15019996116b75dcd44cbb00d719a
20260815075742	expand_jurisdiction_alias_normalization	73c020a098c920605b1751782c7582e8	1	1015a34f1ddb21bcf45dc0100c64f3db
20260815075823	create_lighthouse_resource_catalog_v1	fcd92ea1383b12880e3e9d977224f74b	1	378c94926450966853892feeb229bcb5
20260815075843	create_lighthouse_resource_catalog_search_v1	4c8928c3cd73a6ffad5ff8569ff0d382	1	9b7d5f4b6dbac65d36166e4680c36e9e
20260815075912	create_lighthouse_did_you_know_candidates_v1	4a9d62da0fb10e108816c567eb88c3b6	1	312750762e824a61940ca83fc46569b6
20260815075944	create_findings_case_coverage_v1	2d46d58ad097e3354c6a251c22580c1f	1	170522d9d4899dafcaf4e598fb93de28
20260815080003	create_lighthouse_filing_catalog_v1	9f5299de89b40453b6d3ef63201747fc	1	8728927f01f0634e0988e760477e3c8a
20260815080031	create_lighthouse_signal_catalog_v1	95d27be3e4207a042dad50ce82e35297	1	930d0d4f794144b264ec649d92e51341
20260815080716	converge_registry_resource_search_v1	dd178b18eedb4cabb2f769213752b1ed	1	2bb9273cd1f9984f4a8547cc6a037598
20260815081109	create_lighthouse_legal_catalog_v1	512ae93a4ea7175c53316af4cd1f508f	1	8deb28a244a2605674047d766b839d27
20260815081143	create_lighthouse_case_surface_status_v1	6b0c692e85f5b4d9fe0a2c52d08a5362	1	90efabeb7743ce797ef6fc2f550b52e7
20260815083538	fresh_corpus_identity_projection_index	3698542a5fe3ac9be1c9e99e0bbe3775	1	19432878e97cc52f5f16b2592d8f5b4d
20260815091332	live_data_signal_entity_aware_semantic_identity_v2	84fe97a8353d9daf6be9f07ca025acef	1	0109577a7bfa0de67946f4a93e1506e3
20260815092436	live_data_signal_retirement_receipts	b031dccb5ff2860c36b764727d2a9071	1	9ff334a3e3ee96419deaf9737cdb4a5d
20260815093542	live_data_signal_retirement_receipt_idempotency_fix	5132e04935a1d8b85adabad2fa6e09cf	1	60ffa8f37a8138857a9045265a979efb
20260815093646	live_data_signal_retirement_conflict_constraint_fix	0b722c208d086fbca0cb098b9560dda4	1	8dbf084d2380cfeb59b54587295a86d1
20260815110622	prism_rosetta_v23_generation	80bf35c0c8808329ab2a21632fbc3e0b	1	80bf35c0c8808329ab2a21632fbc3e0b
20260815194348	civic_genome_rosetta_generation_upgrade_queue	120c99460264fbff9201eb4fce952b97	1	bed01ef660c4922e9140b5825450de73
20260815195748	civic_genome_rosetta_generation_convergence_v1	3a5d039885f4679235175e5cc3e914f4	1	a06f2f325a89a424226c0737f0d6f03c
20260816002307	civic_genome_rosetta_generation_target_v1	ac5764565bcaa6e5728b7dc5fb9f995e	1	8dc6728b0fb54cc4de0390b263d952e5
20260816002920	civic_genome_rosetta_generation_upgrade_manifest_identity_v1	ad5c43623dbd2d96b9674ebdfe42ba2a	1	f1d879b84bf0c5fcc847088681e4217f
20260816004428	civic_genome_rosetta_target_supersession_v1	b75e4dfd4c9a514685518b1e9c8f834e	1	e47fafd06625983cba28819970648fa0
20260816040624	civic_genome_rosetta_structural_representation_evidence	a314444baa67cbe57e9d648750288cd1	1	9e61fac97c29c782e629462d5bf5c4e6
20260816042731	civic_genome_rosetta_generation_target_fence_v2	beea61274fd32256e2c88d8042e9e275	1	04a7460c8caf0b88e96ebf0484d2515c
20260816042900	civic_genome_rosetta_generation_transaction_fence_v2	d414066b7425df1e43f4e1e73caa337b	1	f5303ef0a9bf8ca180abdd5b125bc9d9
20260816063214	civic_object_visibility_reconciliation_v1	05b930359294ee16b5ef70b3483ad75d	1	5e8fb0497793705494599ad95fcdb279
20260816063756	sais_typed_object_projection_and_doc27_capacity_v1	7627dc325b9c04d8c0a1967564c3bc50	1	7851b4f0e794cdfb9b79518eca9981d5
20260816064133	type_sais_resource_catalog_arm_v1	081b126430b478ba3a14fffe669a4759	1	71a5a76c54534bc346cf5a2eeace84dc
20260816083428	civic_object_field_recovery_and_canonical_resource_v2	c8d9e792c9a98941651fa95ca919b7bf	1	c9e0f5e3ca31e525d05d49a31a6cbaae
20260816091600	security_safe_surface_hardening_v1	d2ed46a7566497158a9fe51b543aeec7	1	020f41c8ad7c83d24a0187558fefc959
20260816091700	security_rls_and_invoker_hardening_v2	51d208125fe45838375bbfb633a8df14	1	b2aae5d3f387d153b94febf0d789cea1
20260816091727	rollback_security_rls_and_invoker_hardening_v2	1986b277310c37cb4427c9859ba76916	1	bb863458545c025c6ab1331220a0adad
20260816091905	security_preserve_reads_with_rls_v3	bf6f32f72240f8fbe3d67b1516e8b9ba	1	f332792877d724f6eca80b7ecd6ad038
20260816093707	materialize_civic_object_reconciliation_ledger_v1	fa548b6d4c9948435c81ecf548aa54a8	1	6a9499faa6250c6b18c658a430fa3485
20260816095052	reconciled_resource_quality_spine_v5	64fbd84f97f5edd4644572ce8a52602e	1	0b4adf593e71ecca71717441608df1d2
20260816095952	whole_corpus_civic_object_pull_through_v1	6af1e6de5d98bf95f1c6779c63f3dcdd	1	db76875f5a65ca115acc92125e4dc52b
20260816103729	resource_directory_whole_corpus_projection_v2	55e50b71ff93a79b83f5cc87d6cab7b9	1	a68941f35db19a6ab4db39e88ff49a11
20260816111545	anomaly_viewfinder_live_jurisdiction_projection_v1	8deae7dcaa50ad3fdbeec36c37edca8c	1	eb3a259d97dfe4aed05b9b6316bd30b7
20260816120146	resource_catalog_breadth_preserving_union_v2	6c468dab7aff5266e5c856626f2a2e13	1	6e96597ca263eb8cdba8c2879637b267
20260816120403	resource_directory_breadth_compatibility_projection_v3	868e35890445b3677d9be5d857cddd76	1	af1bfcc3691ff55bdd56a7fbb0d294f2
20260816125001	canonical_spine_current_civic_graph_v1	754d96effae340ce9b0546ff27a8659f	1	65a33643baa6a27d1bade5b89525ba6f
20260816161657	lighthouse_explicit_civic_relationship_graph_v2	4d41ab9383be91a7b73964bade252c68	1	abc5b2fc7a58ea6c8902dcc393c7f666
20260816162036	optimize_lighthouse_canonical_state_v2	9e7173c95d9c20c1d86236344cb8e135	1	e347619d54d711119d7d68fbd015eb07
20260816174809	optimize_current_civic_graph_relationship_joins	6d77e99a7c39ebbc1aba0397e09e6d53	1	2cf387b033d43e6a94c7003f4322112b
20260816174926	optimize_lighthouse_canonical_state_v2_single_pass	c4fcdc7a3fcd2ac693f643f1afac3398	1	5dde8ad3d924341350863ba02b44684d
20260817055837	governed_integrity_pattern_substrate	21a43d637fd50586825af7995a57af38	1	21a43d637fd50586825af7995a57af38
20260817060828	integrity_pattern_fk_indexes	51a28753e83e886403a009179613b6d6	1	51a28753e83e886403a009179613b6d6
20260817061525	integrity_pattern_deterministic_order	835ff3968005b0bae1431d5e3c6d6738	1	835ff3968005b0bae1431d5e3c6d6738
20260817072700	enforcement_intelligence_canonicalization	9684fc655d08751ec897387cc791ca25	1	9684fc655d08751ec897387cc791ca25
20260817154546	reviewed_source_overlay_lane	49743480dd82a301749d140b294b755e	1	75dabb6cb2da767b5d9733efc74f8fed
20260817160703	situation_action_binding_substrate	b4ae8574dfdd25b37399b0f11cff6c16	1	b4ae8574dfdd25b37399b0f11cff6c16
20260817162430	situation_action_security_indexes	9c4aff54031aa316f41e5cfa21662d50	1	9c4aff54031aa316f41e5cfa21662d50
20260817173050	action_route_binding_projection	9125f7290a7015a66710b2b8545fe5ff	1	9125f7290a7015a66710b2b8545fe5ff
20260817174546	reviewed_action_route_publication	7b9c84049fea668ba40dedc4e044eed0	1	7b9c84049fea668ba40dedc4e044eed0
20260817191243	resource_directory_publication_quarantine_v1	7c702ff4280e1777ecb5884e0f0d28bf	1	49542dcc0833251f4df0fced22e38311
20260817191723	universal_case_stabilization_options_v1	7b7c856edf1c842a48e50dd9046bd1a9	1	7afe0d04e2b81170f4b950b880596ec6
20260817192259	source_preserving_publication_resolution_ledger_v1	1094ff8d54939ff05e0325425cc70c86	1	4415ecc9915cd15aad193ff455713751
20260817192808	enforcement_intelligence_publication_quarantine_v1	81324b0cecbfa6b170529d0092e6026c	1	6eed7a0f2343f5c3ae639371618d6519
20260817193642	reviewed_source_supplement_substrate_v1	3c830944966e1eac40e404a589ca735a	1	3c830944966e1eac40e404a589ca735a
20260817194547	reviewed_source_supplement_alias_resolution_v1	4d5dd2c9ca2ff185d5f80fcc39202ace	1	4d5dd2c9ca2ff185d5f80fcc39202ace
20260817194711	knowledge_backbone_publication_quarantine_v1	f83c84965ee366495a566d98effb5547	1	f83c84965ee366495a566d98effb5547
20260817200029	reviewed_source_overlay_supersession_v1	6d738085e148484e62b47a87a3ebedc4	1	6d738085e148484e62b47a87a3ebedc4
20260817202453	reviewed_source_supplement_alias_semantics_v2	cfc8dd76e61ebc138b7b03cea4507ec8	1	cfc8dd76e61ebc138b7b03cea4507ec8
20260817202636	reviewed_source_supplement_doc20_types_v1	9530974bbe9dedaa83ac19fa62daaab0	1	9530974bbe9dedaa83ac19fa62daaab0
20260817203156	reviewed_action_resource_projection_hydration_v1	5aa3644a89928f6995646b867147b00a	1	5aa3644a89928f6995646b867147b00a
20260817203436	reviewed_overlay_civic_current_alignment_v1	b0eeb67e02afa9717193a3aa86c66e51	1	b0eeb67e02afa9717193a3aa86c66e51
20260817212153	jurisdiction_distinct_action_labels_v1	003dc91717cf3f64240b722bdf3fa9c3	1	003dc91717cf3f64240b722bdf3fa9c3
20260817212611	jurisdiction_distinct_action_labels_null_safety_v1	a68984bb9caaec05d419d1423243ba8f	1	a68984bb9caaec05d419d1423243ba8f
20260817213428	federal_master_reviewed_supplement_types_v1	d688087e8a6c0abd6eee45e7d8d2ad92	1	d688087e8a6c0abd6eee45e7d8d2ad92
20260817213649	claim_catalog_internal_substrate_v1	701fdad5f825e3cdabf78548112120a0	1	701fdad5f825e3cdabf78548112120a0
20260817214121	integrity_candidate_detail_projection_v1	9b47d686893fdcb4ff53bf804bc341e9	1	9b47d686893fdcb4ff53bf804bc341e9
20260817220238	case_reviewed_intake_selection_events_v1	067bce4826829ca626b5640a3eb749e7	1	067bce4826829ca626b5640a3eb749e7
20260817220307	sol_collision_reviewed_supplement_types_v1	f635b29ec1d3dc9b03688dad5650e804	1	f635b29ec1d3dc9b03688dad5650e804
20260817220354	benefits_cascade_reviewed_supplement_types_v1	ce0be83ce85fb38c6f4c6ca6becf51b9	1	ce0be83ce85fb38c6f4c6ca6becf51b9
20260817220520	case_reviewed_intake_selection_fk_indexes_v1	19ac5cf9d6fe58fad9ee1a7ebf5e0b3d	1	19ac5cf9d6fe58fad9ee1a7ebf5e0b3d
20260817220822	gap_playbook_reviewed_supplement_types_v1	14d7fbc0c1bd41f8120b6230fc504534	1	14d7fbc0c1bd41f8120b6230fc504534
20260817222215	unrecognized_tribes_reviewed_supplement_types_v1	f54809136788d46f33851191246833d5	1	f54809136788d46f33851191246833d5
20260817225015	bmgf_grant_award_internal_substrate_v1	1a7a37f3520f8e66e28fb1d42a55d116	1	1a7a37f3520f8e66e28fb1d42a55d116
20260818084145	prism_domain2_legal_pattern_pullthrough	345a30fa22b0d40d06bac1413929cd9a	1	d4be3fbe7d212d462581a271a8cd8816
20260818085239	domain2_current_prism_generation	11b58e205c018c996b509b45634fae18	1	660d04cf1afdbb579bf2cc679e818ffe
20260818205723	canonical_core_read_boundary	b62d32ae126d5dac9cba8325caf4c869	1	ae5198c42b5c4a9ab8bc8c25a86480cb
20260818235451	bind_pipeline_identity_to_intake_spine	316a15cde3ae92173435d9558505cb6d	1	b9a80ae8ed9ee7ff064158fd38c08184
20260819103927	civic_genome_rosetta_satisfied_upgrade_reconciliation_v1	a6e6e9a38a9c06e262a19bc716b47b52	1	c364374804b83d082bc3ab2794d266fe
20260819110102	civic_genome_rosetta_v22_terminal_recovery_sweep_v1	ab8db840bfc39f693b9befc593578323	1	3cb775d2b91f5ff8eda6248c93759ad6
20260819172042	civic_genome_authoritative_stage_rank_v2	141aeeeafabdaaca3345f14e977c244a	1	9df504b12b137f74f53b1f2896e5e551
20260820155755	civic_genome_prism_rosetta_stale_context_supersession_v1	c8b5c73482716082f48b1263529ab08a	1	c8b5c73482716082f48b1263529ab08a
20260821093902	lighthouse_private_surface_containment_v1	fb2f0112cc70960b6254620dfae9d425	1	f375e097c9a1ce952084ec7c61efd92f
20260821093947	lighthouse_internal_operational_view_containment_v1	036182e673147d21d13eb59f5d1a1483	1	32f09f3be587c5cb8f64b5f066a15964
20260821123119	lighthouse_private_client_read_lockdown_v1	62858fb0b19ad193383ae90265b610d1	1	62858fb0b19ad193383ae90265b610d1
20260821123150	lighthouse_private_client_read_lockdown_policy_completion_v1	1aa15df19a3b9f6819c8757d1c8574ea	1	1aa15df19a3b9f6819c8757d1c8574ea
20260821132144	civic_genome_family_resolution_match_index_v1	4b0ed32c1c23db5df5fcaca76d8b5027	1	709b244544f43d29b52fb7b47dcc5111
20260821230907	signal_architecture_runtime_projection_truth	1895a10f67bdd9ead922da1833e2ddd7	1	72fe665e9509bfa10b328a0f9fbbce02
20260821233424	reconcile_signal_architecture_runtime_projection_truth	1895a10f67bdd9ead922da1833e2ddd7	1	72fe665e9509bfa10b328a0f9fbbce02
20260821234206	add_governed_intake_and_workflow_ui_projections_v1	4088d4199c7407475e730970e0120a03	1	3d91c0148c4dc53519ceea12d2111653
20260821234800	harden_intake_routing_verification_predicate_v1	e48cb4a70b7b3a2910918e827399fb29	1	b3a297659f714681184edec902f26d69
20260821235329	add_registry_quality_ui_projection_v1	72e8bd52a4e82b2b21ba65739090f1e1	1	828422a4098ad24e07d324899120c564
20260822000101	add_identity_unresolved_registry_quality_bucket_v1	d8a7eaaae83a3ec9d9bbf8b96643fbce	1	3e9970f9f99d1505ae43e354a309571e
20260822001325	harden_reviewed_route_user_routable_allowlist_v2	411ec7b9fd902441393ca0d482531abf	1	9813117c7e8856c0260c2422db02fb30
20260822003812	fix_runtime_active_uploads_lifecycle_v1	4b39ffb5e86dcdad3118079545d741a6	1	10883ff7c6f9bf189cd304d42e53a6bf
20260822041329	create_lighthouse_suggestion_board	8903bd479693554d4ffce8c64d82b5f1	1	d0737c5b821b1b611ccb5c691472e6a0
20260822043111	harden_lighthouse_suggestion_board_writes	d8b9fe1e1d498304ce25aa47190eb6e7	1	dac1fe2ecf1d0c22b389762de3d8409c
20260822080454	atlas_domain3_integrity_review_projection	f19cfd4ef0b7c276fc2c2dfa124e34a5	1	f19cfd4ef0b7c276fc2c2dfa124e34a5
20260822080502	atlas_domain3_integrity_review_projection_verify	06902839312cb24258b97a8b222d8279	1	06902839312cb24258b97a8b222d8279
20260822222044	lighthouse_case_status_canonical_default	a3995509d75b8a1d4f21fc7475682d41	1	a3995509d75b8a1d4f21fc7475682d41
20260823015442	signal_artifact_case_links_v1	d93c9338bc77b113a0d5b91781169f94	1	d93c9338bc77b113a0d5b91781169f94
20260823015850	signal_artifact_case_links_intake_index_v1	95f0ac90bab31f2b944cd0543892c4fe	1	95f0ac90bab31f2b944cd0543892c4fe
20260825130111	create_sais_resource_deadlines	2b6e5ae677619f554447948cd40af8c9	1	f9c62fe1954e3af49b572fec1443e69f
20260825221359	harden_lighthouse_definer_surfaces_and_sais_deadlines_v1	4db3b61cbb82e2cb3428addc5ce7541b	1	4db3b61cbb82e2cb3428addc5ce7541b
20260826002453	create_locator_infrastructure	69204614fa438e16e090e75775f6dbba	1	31365d8c8b3c2bf6e8f50b6839eb932f
20260826134509	flesh_out_foia_reference_tables	0f80f1726b31950140569e50a0f08e36	1	977078682e42c4331284a74f532b155c
20260826142321	align_foia_reference_to_drizzle_contract	dc95dc4e0cf9dff876e49ef77750bd84	1	d0f4a4832b407f012067e4f38dce3669
20260826142722	foia_reference_snake_case_canonical	50cbc4b9d822960b3f1f7ce8d39ed650	1	f675e14096a9f36ad90df2aa0fb55cb7
20260826143046	foia_reference_snake_extras	e19e930aad5a251cf898c07585c325e6	1	aa3dcbd60c9b44c0887ef41a5827082e
20260828151554	fail_close_uploaded_reference_surfaces	a7bcffc9fd2a867470ba4de82ab457a4	1	8179544dbc7d1c99e6f3e97ee91a4651
20260828151722	make_registry_raw_archive_append_only	d824f6c16b77618a43ac437eec6b3fd2	1	72e235e30ba4d0e62ec2619af1251dc0
20260828153109	harden_service_only_public_tables_and_foia_requests	cab7e3bf3a6bfff536a2fd58507521e1	1	cab7e3bf3a6bfff536a2fd58507521e1
20260828172845	optimize_prism_rosetta_receipt_count	89855fa0ed7528c72a780e8650dc83a3	1	e0a597b8cd8a9caaae1af20703768193
20260829105026	lighthouse_case_detail_client_lockdown	7d48c98ebf0c263f41446acfa4c6a6eb	1	7d48c98ebf0c263f41446acfa4c6a6eb
20260901065442	civic_genome_event_time_chronology_v2	22720e19f60d24cfc4b2ff026d29c0be	1	22720e19f60d24cfc4b2ff026d29c0be
20260901072811	civic_genome_temporal_supersession_v3_foundation	1455e091758c12afcd05917f4e675c58	1	1455e091758c12afcd05917f4e675c58
20260901073614	civic_genome_temporal_supersession_v3_batch_scope	4fe170c9a27ca608cc29b2d7e2e8cc8f	1	4fe170c9a27ca608cc29b2d7e2e8cc8f
20260901074007	civic_genome_temporal_supersession_v3_linear_predecessors	8969504dbb5915cb0a4e9a08121ea71c	1	8969504dbb5915cb0a4e9a08121ea71c
20260901074016	civic_genome_temporal_supersession_v3_backfill_1_of_8	dd6c33fdd5a1935222f452134d014956	1	dd6c33fdd5a1935222f452134d014956
20260901074126	civic_genome_temporal_supersession_v3_backfill_2_of_8	61bcf45f4a40c7c106d7ad6774523472	1	61bcf45f4a40c7c106d7ad6774523472
20260901074203	civic_genome_temporal_supersession_v3_backfill_3_of_8	6f0ec9546f44580f5e824d8dc07323dc	1	6f0ec9546f44580f5e824d8dc07323dc
20260901074241	civic_genome_temporal_supersession_v3_backfill_4_of_8	90ae0cb657b32144fb8423b7b449f8ab	1	90ae0cb657b32144fb8423b7b449f8ab
20260901074319	civic_genome_temporal_supersession_v3_backfill_5_of_8	0532d1e0272e69edb49cf0ca079d21fb	1	0532d1e0272e69edb49cf0ca079d21fb
20260901074350	civic_genome_temporal_supersession_v3_backfill_6_of_8	19df163e5b9409cd1e269797b29ee463	1	19df163e5b9409cd1e269797b29ee463
20260901074412	civic_genome_temporal_supersession_v3_backfill_7_of_8	228e44f0efd2c1e8a77c94a4c847fd8d	1	228e44f0efd2c1e8a77c94a4c847fd8d
20260901074426	civic_genome_temporal_supersession_v3_backfill_8_of_8	211f8cd8a12cb6c5f98e3f9dbcbc0c82	1	211f8cd8a12cb6c5f98e3f9dbcbc0c82
20260901074437	civic_genome_temporal_supersession_v3_handoff	003af31c9e5225f823a6b9351603b6e2	1	003af31c9e5225f823a6b9351603b6e2
20260901074445	civic_genome_temporal_supersession_v3_activation	d292b8eb577dc53d01c80b41a51182be	1	d292b8eb577dc53d01c80b41a51182be
