table,exact_rows
lighthouse_prism_verification_attempts,225681
luminari_corpus_atomic_record_origin_v1,168474
luminari_corpus_atomic_record_v1,147665
lighthouse_prism_verification_requests,143107
civic_genome_prism_verification_binding,143083
lighthouse_prism_verification_receipts,143076
docket_jurisdiction_activation_bill,106438
registry_entity_extraction_v4,101384
civic_genome_trait,92436
luminari_civic_object_reconciliation_v1,74250
luminari_corpus_candidate_v1,73007
signal_events,54874
family_momentum_snapshot,43015
luminari_corpus_resource_quality_v1,42884
normalized_civic_resource,41644
luminari_grant_award_revision_v1,40123
state_directory_row_classification,30250
state_enriched_directory_v3_13,30250
docket_bill_source_document_observation,28370
raw_material_archive,26015
registry_raw_archive,26015
luminari_resource_snapshot_identity_v1,26003
civic_genome_bill_version,24958
civic_genome_legislative_version_queue,24958
docket_bill_source_document,24958
raw_table_cells,21375
registry_entity_raw_parse_backfill,21151
luminari_corpus_resource_identity_v1,18172
civic_genome_prism_verification_queue,16656
luminari_corpus_identity_evidence_v1,10702
luminari_resource_contact_points,10293
civic_genome_prism_verification_run,10093
registry_programs,8694
legal_patterns,7182
civic_genome_assembly_run,7075
civic_genome_rosetta_generation_binding,7075
civic_genome_unresolved_family_candidate,7002
civic_genome_rosetta_source_binding,6951
civic_genome_event,6922
luminari_resource_entities,6890
docket_bill_processing_queue,6196
civic_genome_bill,5512
docket_bill_detail_cache,5479
civic_genome_family,5371
luminari_resource_locations,5152
luminari_corpus_identity_v1,4800
field_dictionary,4640
state_directory_logical_record,4407
luminari_reviewed_source_supplement_revision_v1,4138
coordinate_enrichment_queue_v1,3192
registry_entity_staging_programs,2667
registry_entity_staging_knowledge,2649
nonprofit_registry,2561
raw_sections,2479
knowledge_entries,2416
registry_entity_staging_contacts,2358
raw_tables_meta,2277
registry_contacts,2125
contacts,2080
registry_entity_staging_nonprofits,2062
domain_deep_dive_records_v3_13,1980
legal_statutes,1940
state_directory_resource_promotion,1851
claim_validation_rules_v2,1728
state_directory_field_resource_promotion,1713
luminari_reviewed_source_record_revision_v1,1481
luminari_situation_action_binding_revision_v1,1481
oversight_registry,1372
state_directory_oversight_promotion,1264
luminari_situation_action_revision_v1,1244
state_directory_organization_resource_promotion,1232
docket_jurisdiction_activation_run,1231
sunam_gate_log,1214
civic_genome_rosetta_generation_upgrade_queue,1206
extraction_staging,1154
substrate_candidate_disposition,1147
live_data_signals,1020
registry_programs_v3_13_stage,1002
registry_entities_nonprofits,1000
registry_entity_staging_cash_assistance,929
luminari_situation_action_binding_current_v1,877
legal_statutes_v3_13_stage,862
live_data_signal_semantic_transition_v1,806
jurisdiction_hierarchy,777
tribal_jurisdictions_addendum_v3_13,724
jurisdiction_assertions,716
luminari_situation_action_current_v1,716
state_directory_profile_promotion,716
registry_entities_government_agencies,711
luminari_corpus_rebuild_artifact_v1,672
intake_staging,615
luminari_resource_location_resolutions,557
government_benefits_registry,556
registry_entity_staging_benefits,516
registry_entities_legal_aid,501
registry_entities_food_banks,500
registry_entities_hospitals,500
registry_entities_shelters,500
programs_v3_13_stage,495
workflow_registry,482
luminari_table_classification,468
state_directory_legal_promotion,445
table_registry,421
registry_entity_staging_employment,412
registry_entity_staging_utilities,407
luminari_claim_intake_item_revision_v1,331
ingest_staging_v3_13,310
state_directory_workflow_promotion,301
registry_entity_staging_mental_health,299
legal_case_law,292
remedy_feasibility_rules_v2,280
atlas_lighthouse_resource_bridge_v1,268
agencies_registry,257
luminari_fixture_expected_counts,251
legal_enforcement_records,245
registry_programs_merge_plan,233
ingest_runs,229
registry_oversight_bodies,222
findings,216
luminari_uuid_exports_v3_13,215
registry_entity_staging_healthcare,214
conveyor_promotion_accounting,213
node_timeline,206
address_audit_v3_13,200
session_log,189
master_template_docs_v3_13,184
corpus_import_queue,182
sol_collision_analysis_v3_13,178
luminari_grant_award_batch_receipt_v1,173
signal_registry,173
intake_artifacts,171
registry_entities_mental_health,166
registry_entity_merge_plan,161
generated_sql_source_manifest,160
civic_genome_rosetta_structural_representation,155
corpus_artifact_manifest,154
luminari_corpus_source_artifact_v1,154
luminari_corpus_atomic_artifact_v1,153
national_resources,148
policy_layer_docs_v3_13,147
civil_gideon_directory,145
ingested_records,141
intake_layer_runs,140
benefits_cascade_stages,124
signal_generation_log,118
legal_workflow_deadlines,109
checklist_items,106
workflow_routes,103
enforcement_penalties,102
registry_entity_staging_food_banks,101
claim_validation_rules,97
domain_deep_dive_v3_13_stage,91
raw_live_signals,91
knowledge_coverage_metrics,90
coalition_advocacy_orgs,87
legal_enforcement,80
registry_workflows,78
export_spine_runs,76
campaign_finance_records,75
raw_registries,73
audit_trail,72
luminari_fixture_extracted_objects,72
deadline_rules,71
raw_api_record,68
lighthouse_prism_problem_handoff,66
problem_instances,66
enforcement_pathway_models,65
luminari_batch_exports_v3_13,65
atlas_lighthouse_signal_bridge_v1,63
evidence,63
atlas_lighthouse_judicial_signal_bridge_v1,60
claim_element_matrix,60
legal_aid_organizations,60
pipeline_events,60
registry_jurisdictions,60
registry_policy_alerts,60
legislator_registry,59
registry_signals,59
registry_source_traceability,59
jurisdiction_claim_matrix,58
l4_distortion_state,55
live_data_signal_retirement_receipt_v1,54
procedural_paths,53
grants_registry,52
docket_bill_state_cache,51
state_fallback_centroids,51
consumer_complaints,50
advocacy_organizations,49
agency_forms,49
forms_registry_staging,49
regulatory_guidance,49
snapshots,49
claim_catalog,48
feedback_scheduler_log,45
coalition_agencies,42
specification_extraction_v3_13,42
engine_registry,41
quotes,41
atlas_lighthouse_legal_bridge_v1,40
documents,40
luminari_corpus_rebuild_run_v1,40
pipeline_runs,39
registry_entity_staging_legal_aid,38
workflow_steps,32
agency_authority_map,31
coalition_advocacy_orgs_v3_13_stage,31
claim_detection_rules,30
damages_matrix,30
data_stream_registry,30
data_stream_registry_pre_atlas_reflection_backup_20260531,30
weak_joint_triggers,30
admin_invites,29
atlas_stream_runtime_projection_v1,29
escalation_routes,29
legislator_contacts_v3_13_stage,29
recovery_projections,29
admin_change_log,26
coalition_legislators,26
knowledge_freshness,25
policy_change_registry,25
advocacy_coalition_network,24
substrate_target_reconciliation,24
omnidirectional_edge_constraints,23
streams,23
workflow_registry_nullkey_plan,23
legal_aid_wa_v3_13,22
statute_of_limitations,22
evidence_confidence_rules,21
luminari_registry_fixture_plan,21
registry_programs_crosswalk,20
conveyor_runs,19
luminari_document_family_contracts,19
luminari_reviewed_source_overlay_v1,19
omnidirectional_node_types,19
conveyor_validation_log,18
upload_sessions,18
deliverable_files,17
escalation_registry,17
registry_entity_staging_shelters,17
advocacy_targets_v3_13,16
evidence_confidence_test_suite,16
advocacy_targets,15
cursors,15
doctrine_graph_edges,15
doctrine_registry,15
filing_generator,15
investigation_guidance,15
barrier_decision_tree,14
intake_sessions,14
knowledge_modules,14
canonical_reform_packages,13
case_intake_links,13
reform_packages,13
filing_templates,12
forms_registry,12
l_state_audit,12
legislator_contacts,12
lumensend_templates,12
luminari_resource_contact_resolutions,12
machine_outputs,12
omnidirectional_edge_types,12
strategy_claim_catalog,12
assembly_section_library,11
court_directory,11
luminari_reviewed_context_current_v1,11
luminari_reviewed_context_revision_v1,11
proof_frameworks,11
strategy_escalation_templates,11
substrate_promotion_batch,11
case_identity_bridge,10
cases,10
expansion_packs,10
interagency_referrals,10
knowledge_cross_refs,10
l4_feedback_log,10
l_layer_transition_rules,10
legal_aid_orgs,10
litigation_barriers,10
luminari_ingest_contract_checks,10
narrative_templates,10
remedy_templates,10
canonical_claim_catalog,9
confidence_factors,9
engine_runs,9
evidence_profiles,9
governance_signal_types,9
luminari_resource_publication_resolutions,9
luminari_resource_snapshot_v1,9
luminari_source_precedence_rules,9
namespace_activation_registry,9
signal_detector_run_log,9
business_baselines,8
canonical_room_registry,8
coalition_media,8
committee_registry,8
legal_definitions,8
machine_verification_requirements,8
pattern_registry,8
strategy_memory,8
universal_admin_failures,8
canonical_procedural_state_registry,7
civic_genome_edge,7
luminari_pipeline_implementation_tasks,7
missing_records,7
monolith_decomposition_map,7
paperwork_templates,7
pattern_signal_links,7
settlement_formulas,7
signal_promotion_log,7
spine_topology_edges,7
stabilization_snapshots,7
universal_harm_categories,7
universal_procedural_rights,7
chat_messages,6
conduit_events,6
dataset_registry,6
lenses,6
live_signals,6
strategy_generation_log,6
strategy_paths,6
workflow_definitions,6
workflow_master,6
canonical_signal_registry,5
civic_genome_node,5
civic_genome_rosetta_generation_activation_queue,5
constitutional_registry,5
enforcement_action_paths,5
enforcement_viability_rules,5
escalation_thresholds,5
governance_log,5
intake_routing_logic,5
legal_statute_clauses,5
legal_weak_joints,5
media_outlets,5
promotion_validation_rules,5
remedy_feasibility_rules,5
signals,5
spine_flow_metrics,5
state_labor_board_pathways,5
api_pull_run,4
api_source_registry,4
campaigns,4
contradiction_templates,4
docket_source_reference_date_receipt,4
invite_redemptions,4
legal_contradictions,4
luminari_continuous_ingest_sources,4
pipeline_map,4
registry_entity_staging_v1,4
signal_domain3_source_classification_v1,4
signal_domain_registry,4
state_labor_pathways,4
ui_contract_registry,4
activation_outputs,3
canonical_contradiction_registry,3
corpus_snapshots,3
data_snapshots,3
lighthouse_spotlight,3
routing_registry,3
spine_runtime_event_stream,3
state_directory_portability_promotion,3
threshold_profiles,3
trend_registry,3
trend_snapshots,3
active_campaigns,2
alpha_lake_exports,2
benefit_applications,2
canonical_pattern_registry,2
case_narratives,2
civic_map_checkpoints,2
coalition_intelligence,2
luminari_archive_bundles,2
luminari_corpus_atomic_run_v1,2
metadata_machines,2
package_registry,2
pattern_aggregation_runs,2
share_links,2
state_directory_review_hold,2
substrate_source_artifact,2
canonical_workflows,1
civic_genome_rosetta_generation_target,1
entry_runs,1
generated_sql_bundle_audit,1
intake_entry_run_links,1
intake_records,1
investigative_jobs,1
investigative_queries,1
jurisdictions,1
luminari_claim_intake_activation_v1,1
luminari_claim_intake_package_v1,1
luminari_fixture_extraction_runs,1
luminari_grant_award_activation_v1,1
luminari_grant_award_source_run_v1,1
omnidirectional_traversal_rulesets,1
pattern_engine_run_log,1
prime_patterns,1
procedures,1
registry_extraction_specs,1
registry_processing_checkpoints,1
remedy_paths,1
signal_detector_cursor,1
signal_flow_logs,1
source_records,1
state_directory_reassembly_run,1
strategy_engine_run_log,1
sunam_thresholds,1
trend_engine_run_log,1
users,1
world_nodes,1
action_steps,0
analysis_snapshots,0
atlas_lighthouse_deadline_bridge_v1,0
backbone_diff_logs,0
backbone_update_runs,0
batch_rerun_runs,0
bill_lineage_edge,0
burden_of_proof_rules,0
canonical_pathway_registry,0
case_collaborators,0
case_evidence,0
case_exit_guarantees,0
case_viability_context,0
cda_analysis_runs,0
cda_anomalies,0
cda_claim_ledger,0
cda_comparison_matrix,0
cda_contradictions,0
cda_correlations,0
cda_denial_reasons,0
cda_documents,0
cda_evidence_gaps,0
cda_features,0
cda_influence_paths,0
cda_policy_clauses,0
cda_quotes,0
cda_runs,0
cda_structural_breaks,0
cda_vectors,0
civic_genome_comparison_matrix,0
civic_genome_comparison_state_cell,0
civic_genome_momentum_component,0
civic_genome_projection_checkpoint,0
civic_genome_relationship,0
civic_genome_source_binding,0
claim_definitions,0
claim_element_evaluations,0
claims,0
code_exports,0
constitutional_violation_log,0
contradiction_records,0
convergence_receipts,0
convergence_run_snapshot,0
coordination_data,0
corpus_graph_candidate_edges,0
correlation_matches,0
cross_stream_correlations,0
database_fingerprint_log,0
deadlines,0
detected_signals_v2,0
determinism_checks,0
docket_entries,0
document_correlations,0
documentation_sections,0
eligibility_hints,0
entity_merge_suggestions,0
entity_roles,0
events,0
evidence_event_links,0
evidence_graph_edges,0
evidence_items,0
evidence_proof_links,0
evidence_sources,0
evidence_to_element_links,0
export_artifacts,0
export_runs,0
failure_modes,0
file_categories,0
file_contents,0
file_dependencies,0
foia_agencies,0
foia_requests,0
foia_statutes,0
gap_records,0
geocode_cache,0
geography_registry,0
governance_snapshots,0
installation_requirements,0
intake_promotion_log,0
intake_signals,0
intake_spine_execution_leases,0
intake_state_transitions,0
intake_verification_records,0
issue_reports,0
jurisdiction_aliases,0
jurisdiction_coverage_items,0
jurisdiction_coverage_runs,0
jurisdiction_metadata_gaps,0
jurisdiction_overlap_assertions,0
lighthouse_events,0
lighthouse_suggestion_votes,0
lighthouse_suggestions,0
live_stream_events,0
live_stream_sources,0
luminari_archive_file_manifest,0
luminari_canonical_id_registry,0
luminari_case_reviewed_intake_selection_event_v1,0
luminari_enforcement_channels,0
luminari_extraction_completeness_reports,0
luminari_extraction_provenance_spans,0
luminari_extraction_validation_failures,0
luminari_fixture_object_links,0
luminari_legal_authorities,0
luminari_object_publication_resolution_revision_v1,0
map_intake_sessions,0
normalized_records,0
notifications,0
omnidirectional_contradiction_clusters,0
omnidirectional_domain_packs,0
omnidirectional_graph_edges,0
omnidirectional_graph_health_snapshots,0
omnidirectional_graph_nodes,0
omnidirectional_graph_paths,0
omnidirectional_graph_snapshots,0
outcome_metrics,0
outcome_registry,0
pattern_confidence_factors,0
pattern_creation_thresholds,0
pattern_decay_rules,0
pattern_evolution,0
pattern_feedback_loop,0
pattern_links,0
pattern_metadata,0
pattern_occurrences,0
pattern_outputs,0
pattern_relationships,0
pattern_scope,0
pattern_types,0
pipeline_audit_logs,0
pipeline_intake_enrichments,0
pipeline_intelligence_map,0
policy_pattern_impacts,0
presentation_slides,0
presentations,0
priority_utility_snapshot,0
procedural_outputs,0
promotion_accounting,0
promotion_validation_log,0
provenance_alert_events,0
provenance_audit_logs,0
provenance_registry,0
recovery_projections_detail,0
reform_package_versions,0
reform_strategy_memory,0
registry_deadline_rules,0
registry_entity_staging_childcare,0
relationship_evidence,0
relationships,0
risk_scores,0
sais_resources,0
setup_workflow,0
signal_artifact_case_links_v1,0
signal_cluster_links,0
signal_clusters,0
signal_convergences,0
signal_flags,0
signal_source_link,0
snapshot_integrity_checks,0
strategy_effectiveness,0
strategy_outputs,0
strategy_registry,0
strategy_success_rates,0
stream_signal_flags,0
sys_strategy_paths,0
system_health_logs,0
test_coverage,0
timeline_rules,0
timeline_signals,0
trend_forecasts,0
trend_intervention_impacts,0
trend_pressure_metrics,0
user_feedback,0
verification_audit,0
